[
    {
        "id": "1",
        "original_text": "\u9547\u6d77\u96c5\u4e50\u5b66\u6821\u4e8c\u5e74\u7ea7\u7684\u5c0f\u670b\u53cb\u5230\u4e00\u6761\u5c0f\u8def\u7684\u4e00\u8fb9\u690d\u6811\uff0e\u5c0f\u670b\u53cb\u4eec\u6bcf\u96942\u7c73\u79cd\u4e00\u68f5\u6811\uff08\u9a6c\u8def\u4e24\u5934\u90fd\u79cd\u4e86\u6811\uff09\uff0c\u6700\u540e\u53d1\u73b0\u4e00\u5171\u79cd\u4e8611\u68f5\uff0c\u8fd9\u6761\u5c0f\u8def\u957f\u591a\u5c11\u7c73\uff0e",
        "segmented_text": "\u9547\u6d77 \u96c5\u4e50 \u5b66\u6821 \u4e8c\u5e74\u7ea7 \u7684 \u5c0f\u670b\u53cb \u5230 \u4e00\u6761 \u5c0f\u8def \u7684 \u4e00\u8fb9 \u690d\u6811 \uff0e \u5c0f\u670b\u53cb \u4eec \u6bcf\u9694 2 \u7c73 \u79cd \u4e00\u68f5\u6811 \uff08 \u9a6c\u8def \u4e24\u5934 \u90fd \u79cd \u4e86 \u6811 \uff09 \uff0c \u6700\u540e \u53d1\u73b0 \u4e00\u5171 \u79cd \u4e86 11 \u68f5 \uff0c \u8fd9 \u6761 \u5c0f\u8def \u957f \u591a\u5c11 \u7c73 \uff0e",
        "equation": "x=(11-1)*2",
        "ans": "20",
        "a3": 1,
        "d1": 1,
        "d2": 0,
        "depth": 3
    },
    {
        "id": "2",
        "original_text": "\u4e00\u4e2a\u5de5\u7a0b\u961f\u6316\u571f\uff0c\u7b2c\u4e00\u5929\u6316\u4e86316\u65b9\uff0c\u4ece\u7b2c\u4e8c\u5929\u5f00\u59cb\u6bcf\u5929\u90fd\u6316230\u65b9\uff0c\u8fde\u7eed\u6316\u4e866\u5929\uff0c\u8fd9\u4e2a\u5de5\u7a0b\u961f\u4e00\u5468\u5171\u6316\u571f\u591a\u5c11\u65b9\uff1f",
        "segmented_text": "\u4e00 \u4e2a \u5de5\u7a0b\u961f \u6316\u571f \uff0c \u7b2c\u4e00\u5929 \u6316 \u4e86 316 \u65b9 \uff0c \u4ece \u7b2c \u4e8c \u5929 \u5f00\u59cb \u6bcf\u5929 \u90fd \u6316 230 \u65b9 \uff0c \u8fde\u7eed \u6316 \u4e86 6 \u5929 \uff0c \u8fd9\u4e2a \u5de5\u7a0b\u961f \u4e00\u5468 \u5171 \u6316\u571f \u591a\u5c11 \u65b9 \uff1f",
        "equation": "x=316+230*(6-1)",
        "ans": "1466",
        "a2": 1,
        "d1": 0,
        "d2": 1,
        "depth": 4
    },
    {
        "id": "3",
        "original_text": "\u5c0f\u660e\u770b\u4e00\u672c\u6545\u4e8b\u4e66\uff0c\u7b2c\u4e00\u5929\u770b\u4e86\u5168\u4e66\u7684(1/6)\uff0c\u7b2c\u4e8c\u5929\u770b\u4e8624\u9875\uff0c\u7b2c3\u5929\u770b\u7684\u9875\u6570\u662f\u524d\u4e24\u5929\u770b\u7684\u603b\u6570\u7684150%\uff0c\u8fd9\u65f6\u8fd8\u6709\u5168\u4e66\u7684(1/4)\u6ca1\u6709\u770b\uff0c\u90a3\u4e48\u8fd9\u672c\u4e66\u4e00\u5171\u591a\u5c11\u9875\uff0e",
        "segmented_text": "\u5c0f \u660e \u770b \u4e00\u672c \u6545\u4e8b\u4e66 \uff0c \u7b2c\u4e00\u5929 \u770b \u4e86 \u5168\u4e66 \u7684 (1/6) \uff0c \u7b2c \u4e8c \u5929 \u770b \u4e86 24 \u9875 \uff0c \u7b2c 3 \u5929 \u770b \u7684 \u9875\u6570 \u662f \u524d\u4e24\u5929 \u770b \u7684 \u603b\u6570 \u7684 150% \uff0c \u8fd9\u65f6 \u8fd8\u6709 \u5168\u4e66 \u7684 (1/4) \u6ca1\u6709 \u770b \uff0c \u90a3\u4e48 \u8fd9 \u672c\u4e66 \u4e00\u5171 \u591a\u5c11 \u9875 \uff0e",
        "equation": "x=(24+24*1.5)/(1-(1/6)-(1/6)*1.5-(1/4))",
        "ans": "180",
        "a2": 1,
        "d1": 0,
        "d2": 1,
        "depth": 6
    },
    {
        "id": "4",
        "original_text": "\u4ece\u7532\u5730\u5230\u4e59\u5730\uff0c\u5982\u679c\u9a91\u81ea\u884c\u8f66\u6bcf\u5c0f\u65f6\u884c\u9a7616\u5343\u7c73\uff0c4\u5c0f\u65f6\u53ef\u4ee5\u5230\u8fbe\uff0c\u5982\u679c\u4e58\u6c7d\u8f66\u53ea\u9700\u89812\u5c0f\u65f6\uff0c\u6c7d\u8f66\u6bcf\u5c0f\u65f6\u884c\u9a76\u591a\u5c11\u5343\u7c73\uff1f",
        "segmented_text": "\u4ece \u7532\u5730 \u5230 \u4e59\u5730 \uff0c \u5982\u679c \u9a91 \u81ea\u884c\u8f66 \u6bcf \u5c0f\u65f6 \u884c\u9a76 16 \u5343\u7c73 \uff0c 4 \u5c0f\u65f6 \u53ef\u4ee5 \u5230\u8fbe \uff0c \u5982\u679c \u4e58 \u6c7d\u8f66 \u53ea \u9700\u8981 2 \u5c0f\u65f6 \uff0c \u6c7d\u8f66 \u6bcf \u5c0f\u65f6 \u884c\u9a76 \u591a\u5c11 \u5343\u7c73 \uff1f",
        "equation": "x=16*4/2",
        "ans": "32",
        "a3": 1,
        "d1": 1,
        "d2": 0,
        "depth": 3
    },
    {
        "id": "5",
        "original_text": "\u5c0f\u521a\u7684\u4f53\u91cd\u662f28.4\u5343\u514b\uff0c\u5c0f\u5f3a\u7684\u4f53\u91cd\u662f\u5c0f\u521a\u76841.4\u500d\uff0c\u5c0f\u5f3a\u7684\u4f53\u91cd=\u591a\u5c11\u5343\u514b\uff1f",
        "segmented_text": "\u5c0f \u521a \u7684 \u4f53\u91cd \u662f 28.4 \u5343\u514b \uff0c \u5c0f\u5f3a \u7684 \u4f53\u91cd \u662f \u5c0f \u521a \u7684 1.4 \u500d \uff0c \u5c0f\u5f3a \u7684 \u4f53\u91cd = \u591a\u5c11 \u5343\u514b \uff1f",
        "equation": "x=28.4*1.4",
        "ans": "39.76",
        "a3": 1,
        "d1": 1,
        "d2": 0,
        "depth": 2
    },
    {
        "id": "6",
        "original_text": "10.6-0.4\u4e0e5.5\u7684\u79ef\uff0c\u6240\u5f97\u7684\u5dee\u9664\u4ee52.1\uff0c\u5546=\uff1f",
        "segmented_text": "10.6 - 0.4 \u4e0e 5.5 \u7684 \u79ef \uff0c \u6240\u5f97 \u7684 \u5dee \u9664\u4ee5 2.1 \uff0c \u5546 = \uff1f",
        "equation": "x=(10.6-0.4*5.5)/2.1",
        "ans": "4",
        "a2": 1,
        "d1": 0,
        "d2": 1,
        "depth": 4
    },
    {
        "id": "7",
        "original_text": "\u8c61\u5c71\u5b66\u6821\u539f\u6709\u5b66\u751f700\u4eba\uff0c7\u6708\u4efd\u6bd5\u4e1a280\u4eba\uff0c9\u6708\u4efd\u62db\u5165\u65b0\u751f350\u4eba\uff0c\u8fd9\u65f6\u8c61\u5c71\u5b66\u6821\u7684\u5b66\u751f\u6bd4\u539f\u6765\u589e\u52a0\u767e\u5206\u4e4b\u51e0\uff1f",
        "segmented_text": "\u8c61\u5c71 \u5b66\u6821 \u539f\u6709 \u5b66\u751f 700 \u4eba \uff0c 7 \u6708\u4efd \u6bd5\u4e1a 280 \u4eba \uff0c 9 \u6708\u4efd \u62db \u5165 \u65b0\u751f 350 \u4eba \uff0c \u8fd9\u65f6 \u8c61\u5c71 \u5b66\u6821 \u7684 \u5b66\u751f \u6bd4 \u539f\u6765 \u589e\u52a0 \u767e\u5206\u4e4b\u51e0 \uff1f",
        "equation": "x=(350-280)/700",
        "ans": "10%",
        "a3": 1,
        "d1": 1,
        "d2": 0,
        "depth": 3
    },
    {
        "id": "8",
        "original_text": "\u4e70\u4e00\u5957\u4f4f\u623f\uff0c\u552e\u4ef728\u4e07\u5143\uff0c\u6bcf\u5e74\u4ed82\u4e07\u5143\uff0c\u591a\u5c11\u5e74\u540e\u624d\u80fd\u4ed8\u6e05\uff1f",
        "segmented_text": "\u4e70 \u4e00\u5957 \u4f4f\u623f \uff0c \u552e\u4ef7 28 \u4e07\u5143 \uff0c \u6bcf\u5e74 \u4ed8 2 \u4e07\u5143 \uff0c \u591a\u5c11 \u5e74 \u540e \u624d\u80fd \u4ed8\u6e05 \uff1f",
        "equation": "x=28/2",
        "ans": "14",
        "a3": 1,
        "d1": 1,
        "d2": 0,
        "depth": 2
    },
    {
        "id": "9",
        "original_text": "\u738b\u53d4\u53d4\u5f00\u8f66\u4ece\u7532\u5730\u53bb\u4e59\u5730\uff0c\u4ee570\u5343\u7c73/\u65f6\u7684\u901f\u5ea6\u884c\u4e866\u5c0f\u65f6\u624d\u5230\u8fbe\uff0e\u8fd4\u56de\u65f6\u7531\u4e8e\u6709\u4efb\u52a1\uff0c\u52a0\u5feb\u4e86\u901f\u5ea6\uff0c\u53ea\u7528\u4e864\u5c0f\u65f6\u5c31\u56de\u5230\u4e86\u7532\u5730\uff0c\u8fd4\u56de\u65f6\u7684\u901f\u5ea6=\uff1f",
        "segmented_text": "\u738b \u53d4\u53d4 \u5f00\u8f66 \u4ece \u7532\u5730 \u53bb \u4e59\u5730 \uff0c \u4ee5 70 \u5343\u7c73 / \u65f6 \u7684 \u901f\u5ea6 \u884c \u4e86 6 \u5c0f\u65f6 \u624d \u5230\u8fbe \uff0e \u8fd4\u56de \u65f6 \u7531\u4e8e \u6709 \u4efb\u52a1 \uff0c \u52a0\u5feb \u4e86 \u901f\u5ea6 \uff0c \u53ea\u7528 \u4e86 4 \u5c0f\u65f6 \u5c31 \u56de\u5230 \u4e86 \u7532\u5730 \uff0c \u8fd4\u56de \u65f6 \u7684 \u901f\u5ea6 = \uff1f",
        "equation": "x=70*6/4",
        "ans": "105",
        "a3": 1,
        "d1": 1,
        "d2": 0,
        "depth": 3
    },
    {
        "id": "10",
        "original_text": "\u4e00\u4e2a\u679c\u56ed\u7684\u674e\u6811\u68f5\u6570\u662f\u6843\u6811\u7684(7/8)\uff0c\u6843\u6811\u68f5\u6570\u662f\u68a8\u6811\u7684(5/6)\uff0e\u5df2\u77e5\u674e\u6811\u67091680\u68f5\uff0c\u68a8\u6811\u6709\u591a\u5c11\u68f5\uff1f",
        "segmented_text": "\u4e00 \u4e2a \u679c\u56ed \u7684 \u674e \u6811 \u68f5 \u6570 \u662f \u6843\u6811 \u7684 (7/8) \uff0c \u6843\u6811 \u68f5 \u6570 \u662f \u68a8\u6811 \u7684 (5/6) \uff0e \u5df2\u77e5 \u674e\u6811\u6709 1680 \u68f5 \uff0c \u68a8\u6811 \u6709 \u591a\u5c11 \u68f5 \uff1f",
        "equation": "x=1680/(7/8)/(5/6)",
        "ans": "2304",
        "a2": 1,
        "d1": 1,
        "d2": 0,
        "depth": 4
    }
]